﻿<theme id="FlySkin" classid="{F9EA47F6-39F2-4338-BE9F-B72FE4C7CA80}">
  <navigator>
    <cursors>
      <cursor condition="Default" src="cursors/PanReady.cur" />
      <cursor condition="MouseButton_Left" src="cursors/Panning.cur" />
      <cursor condition="MouseButton_Middle" src="cursors/Rotate.cur" />
    </cursors>

    <ruleModifiers>
      <ruleModifier id="MoveModifiers">
        <modifier shift="true" multiplier="4" />
        <modifier control="true" multiplier="8" />
        <modifier control="true" shift="true" multiplier="24" />
      </ruleModifier>
      <ruleModifier id="RotationModifiers">
        <modifier shift="true" multiplier="2" />
        <modifier control="true" multiplier="4" />
        <modifier control="true" shift="true" multiplier="12" />
      </ruleModifier>
    </ruleModifiers>
    
    <navigation id="FlySkin" title="Fly Skin" visible="true" enabled="true" class="fly">
        <style id="plan" title="Plan" default="true">
          <cursors>
            <cursor condition="MouseButton_Left" src="cursors/Panning.cur" />
            <cursor condition="MouseButton_Middle" src="cursors/Rotate.cur" />
          </cursors>
          <rules>
            <rule condition="VK_UP" action="camera.move(0,0,0)" modifiers="MoveModifiers" />
            <!-- Move forward-->
            <rule condition="VK_DOWN" action="camera.move(0,0,0)" modifiers="MoveModifiers" />
            <!-- Move backward-->
            <rule condition="VK_LEFT" action="camera.move(0,0,0)" speed="0.4" modifiers="RotationModifiers" />
            <!--Turn left-->
            <rule condition="VK_RIGHT" action="camera.move(0,0,0)" speed="0.4" modifiers="RotationModifiers" />
            <!--Turn right-->
            <rule condition="VK_4" action="camera.rotate(1,0,0)" speed="0.4" />
            <!--Turn up-->
            <rule condition="VK_3" action="camera.rotate(-1,0,0)" speed="0.4" />
            <!--Turn down-->
            <rule condition="VK_2" action="camera.rotate(0,0,1)" speed="0.4" />
            <!--Turn cw-->
            <rule condition="VK_1" action="camera.rotate(0,0,-1)" speed="0.4" />
            <!--Turn ccw-->
            <rule condition="VK_ADD" action="camera.move(0,0,0)" modifiers="MoveModifiers" />
            <!-- Move up-->
            <rule condition="VK_SUBTRACT" action="camera.move(0,0,0)" modifiers="MoveModifiers" />
            <!-- Move down-->
            <rule condition="VK_NUMPAD8" action="camera.move(0,0,0)" modifiers="MoveModifiers" />
            <!-- Move forward-->
            <rule condition="VK_NUMPAD2" action="camera.move(0,0,1)" modifiers="MoveModifiers" />
            <!-- Move backward-->
            <rule condition="VK_NUMPAD4" action="camera.rotate(0,1,0)" speed="0.4" modifiers="RotationModifiers" />
            <!--Turn left-->
            <rule condition="VK_NUMPAD6" action="camera.rotate(0,-1,0)" speed="0.4" modifiers="RotationModifiers" />
            <!--Turn right-->
            <rule condition="VK_NUMPAD9" action="camera.rotate(1,0,0)" speed="0.4" />
            <!--Turn up-->
            <rule condition="VK_NUMPAD7" action="camera.rotate(-1,0,0)" speed="0.4" />
            <!--Turn down-->
            <rule condition="VK_NUMPAD3" action="camera.rotate(0,0,1)" speed="0.4" />
            <!--Turn cw-->
            <rule condition="VK_NUMPAD1" action="camera.rotate(0,0,-1)" speed="0.4" />
            <!--Turn ccw-->
            <rule condition="MouseButton_Left MouseOffset_Up" action="camera.move(0,0,0)" sensitivity="0.01" modifiers="MoveModifiers" />
            <!--Move forward-->
            <rule condition="MouseButton_Left MouseOffset_Down" action="camera.move(0,0,0)" sensitivity="0.01" modifiers="MoveModifiers" />
            <!--Move backward-->
            <rule condition="MouseButton_Left MouseOffset_Left" action="camera.rotate(0,0,0)" speed="0.4" sensitivity="0.01" modifiers="RotationModifiers" />
            <!--Turn left-->
            <rule condition="MouseButton_Left MouseOffset_Right" action="camera.rotate(0,0,0)" speed="0.4" sensitivity="0.01" modifiers="RotationModifiers" />
            <!--Turn right-->
            <rule condition="JoystickDeviation_YMinus" action="camera.move(0,0,-1)" sensitivity="0.01" modifiers="MoveModifiers" />
            <!--Move forward-->
            <rule condition="JoystickDeviation_YPlus" action="camera.move(0,0,1)" sensitivity="0.01" modifiers="MoveModifiers" />
            <!--Move backward-->
            <rule condition="JoystickDeviation_XMinus" action="camera.rotate(0,1,0)" speed="0.4" sensitivity="0.01" modifiers="RotationModifiers" />
            <!--Turn left-->
            <rule condition="JoystickDeviation_XPlus" action="camera.rotate(0,-1,0)" speed="0.4" sensitivity="0.01" modifiers="RotationModifiers" />
            <!--Turn right-->
          </rules>
        </style>
        <style id="pan" title="Pan" alt="true">
          <cursors>
          </cursors>
          <rules>
            <rule condition="VK_UP" action="camera.move(0,0,0)" modifiers="MoveModifiers" />
            <!-- Move up-->
            <rule condition="VK_DOWN" action="camera.move(0,0,0)" modifiers="MoveModifiers" />
            <!-- Move down-->
            <rule condition="VK_LEFT" action="camera.move(0,0,0)" modifiers="MoveModifiers" />
            <!--Move left-->
            <rule condition="VK_RIGHT" action="camera.move(0,0,0)" modifiers="MoveModifiers" />
            <!--Move right-->
            <rule condition="VK_4" action="camera.rotate(1,0,0)" speed="0.4" />
            <!--Turn up-->
            <rule condition="VK_3" action="camera.rotate(-1,0,0)" speed="0.4" />
            <!--Turn down-->
            <rule condition="VK_2" action="camera.rotate(0,0,1)" speed="0.4" />
            <!--Turn cw-->
            <rule condition="VK_1" action="camera.rotate(0,0,-1)" speed="0.4" />
            <!--Turn ccw-->
            <rule condition="VK_ADD" action="camera.move(0,0,0)" modifiers="MoveModifiers" />
            <!-- Move up-->
            <rule condition="VK_SUBTRACT" action="camera.move(0,0,0)" modifiers="MoveModifiers" />
            <!-- Move down-->
            <rule condition="VK_NUMPAD8" action="camera.move(0,1,0)" modifiers="MoveModifiers" />
            <!-- Move forward-->
            <rule condition="VK_NUMPAD2" action="camera.move(0,-1,0)" modifiers="MoveModifiers" />
            <!-- Move backward-->
            <rule condition="VK_NUMPAD4" action="camera.move(-1,0,0)" modifiers="MoveModifiers" />
            <!--Turn left-->
            <rule condition="VK_NUMPAD6" action="camera.move(1,0,0)" modifiers="MoveModifiers" />
            <!--Turn right-->
            <rule condition="VK_NUMPAD9" action="camera.rotate(1,0,0)" speed="0.4" />
            <!--Turn up-->
            <rule condition="VK_NUMPAD7" action="camera.rotate(-1,0,0)" speed="0.4" />
            <!--Turn down-->
            <rule condition="VK_NUMPAD3" action="camera.rotate(0,0,1)" speed="0.4" />
            <!--Turn cw-->
            <rule condition="VK_NUMPAD1" action="camera.rotate(0,0,-1)" speed="0.4" />
            <!--Turn ccw-->
            <rule condition="MouseButton_Left MouseOffset_Up" action="camera.move(0,0,0)" sensitivity="0.01" modifiers="MoveModifiers" />
            <!--Move forward-->
            <rule condition="MouseButton_Left MouseOffset_Down" action="camera.move(0,0,0)" sensitivity="0.01" modifiers="MoveModifiers" />
            <!--Move backward-->
            <rule condition="MouseButton_Left MouseOffset_Left" action="camera.move(0,0,0)" sensitivity="0.01" modifiers="MoveModifiers" />
            <!--Turn left-->
            <rule condition="MouseButton_Left MouseOffset_Right" action="camera.move(0,0,0)" sensitivity="0.01" modifiers="MoveModifiers" />
            <!--Turn right-->
            <rule condition="JoystickDeviation_YMinus" action="camera.move(0,1,0)" sensitivity="0.01" modifiers="MoveModifiers" />
            <!--Move forward-->
            <rule condition="JoystickDeviation_YPlus" action="camera.move(0,-1,0)" sensitivity="0.01" modifiers="MoveModifiers" />
            <!--Move backward-->
            <rule condition="JoystickDeviation_XMinus" action="camera.move(-1,0,0)" sensitivity="0.01" modifiers="MoveModifiers" />
            <!--Turn left-->
            <rule condition="JoystickDeviation_XPlus" action="camera.move(1,0,0)" sensitivity="0.01" modifiers="MoveModifiers" />
            <!--Turn right-->
          </rules>
        </style>
        <style id="turn" title="Turn" keyCode="VK_SPACE">
          <cursors>
          </cursors>
          <rules>
            <rule condition="VK_UP" action="camera.rotate(1,0,0)" speed="0.4" modifiers="RotationModifiers" />
            <!--Turn up-->
            <rule condition="VK_DOWN" action="camera.rotate(-1,0,0)" speed="0.4" modifiers="RotationModifiers" />
            <!--Turn down-->
            <rule condition="VK_LEFT" action="camera.rotate(0,1,0)" speed="0.4" modifiers="RotationModifiers" />
            <!--Turn left-->
            <rule condition="VK_RIGHT" action="camera.rotate(0,-1,0)" speed="0.4" modifiers="RotationModifiers" />
            <!--Turn right-->
            <rule condition="VK_4" action="camera.rotate(1,0,0)" speed="0.4" />
            <!--Turn up-->
            <rule condition="VK_3" action="camera.rotate(-1,0,0)" speed="0.4" />
            <!--Turn down-->
            <rule condition="VK_2" action="camera.rotate(0,0,1)" speed="0.4" />
            <!--Turn cw-->
            <rule condition="VK_1" action="camera.rotate(0,0,-1)" speed="0.4" />
            <!--Turn ccw-->
            <rule condition="VK_NUMPAD8" action="camera.rotate(1,0,0)" speed="0.4" modifiers="RotationModifiers" />
            <!--Turn up-->
            <rule condition="VK_NUMPAD2" action="camera.rotate(-1,0,0)" speed="0.4" modifiers="RotationModifiers" />
            <!--Turn down-->
            <rule condition="VK_NUMPAD4" action="camera.rotate(0,1,0)" speed="0.4" modifiers="RotationModifiers" />
            <!--Turn left-->
            <rule condition="VK_NUMPAD6" action="camera.rotate(0,-1,0)" speed="0.4" modifiers="RotationModifiers" />
            <!--Turn right-->
            <rule condition="VK_NUMPAD9" action="camera.rotate(1,0,0)" speed="0.4" />
            <!--Turn up-->
            <rule condition="VK_NUMPAD7" action="camera.rotate(-1,0,0)" speed="0.4" />
            <!--Turn down-->
            <rule condition="VK_NUMPAD3" action="camera.rotate(0,0,1)" speed="0.4" />
            <!--Turn cw-->
            <rule condition="VK_NUMPAD1" action="camera.rotate(0,0,-1)" speed="0.4" />
            <!--Turn ccw-->
            <rule condition="MouseButton_Left MouseOffset_Up" action="camera.rotate(0,0,0)" sensitivity="0.01" modifiers="RotationModifiers" />
            <!--Turn up-->
            <rule condition="MouseButton_Left MouseOffset_Down" action="camera.rotate(0,0,0)" sensitivity="0.01" modifiers="RotationModifiers" />
            <!--Turn down-->
            <rule condition="MouseButton_Left MouseOffset_Left" action="camera.rotate(0,0,0)" speed="0.4" sensitivity="0.01" modifiers="RotationModifiers" />
            <!--Turn left-->
            <rule condition="MouseButton_Left MouseOffset_Right" action="camera.rotate(0,0,0)" speed="0.4" sensitivity="0.01" modifiers="RotationModifiers" />
            <!--Turn right-->
            <rule condition="JoystickDeviation_YMinus" action="camera.rotate(1,0,0)" sensitivity="0.01" modifiers="RotationModifiers" />
            <!--Turn up-->
            <rule condition="JoystickDeviation_YPlus" action="camera.rotate(-1,0,0)" sensitivity="0.01" modifiers="RotationModifiers" />
            <!--Turn down-->
            <rule condition="JoystickDeviation_XMinus" action="camera.rotate(0,1,0)" speed="0.4" sensitivity="0.01" modifiers="RotationModifiers" />
            <!--Turn left-->
            <rule condition="JoystickDeviation_XPlus" action="camera.rotate(0,-1,0)" speed="0.4" sensitivity="0.01" modifiers="RotationModifiers" />
            <!--Turn right-->
          </rules>
        </style>
        <style id="roll" title="Roll" keyCode="VK_SPACE" alt="true">
          <cursors>
          </cursors>
          <rules>
            <rule condition="VK_UP" action="camera.move(0,0,0)" speed="0.4" modifiers="RotationModifiers" />
            <!--Turn up-->
            <rule condition="VK_DOWN" action="camera.move(0,0,0)" speed="0.4" modifiers="RotationModifiers" />
            <!--Turn down-->
            <rule condition="VK_LEFT" action="camera.move(0,0,0)" speed="0.4" modifiers="RotationModifiers" />
            <!--Turn left-->
            <rule condition="VK_RIGHT" action="camera.move(0,0,0)" speed="0.4" modifiers="RotationModifiers" />
            <!--Turn right-->
            <rule condition="VK_4" action="camera.rotate(1,0,0)" speed="0.4" />
            <!--Turn up-->
            <rule condition="VK_3" action="camera.rotate(-1,0,0)" speed="0.4" />
            <!--Turn down-->
            <rule condition="VK_2" action="camera.rotate(0,0,1)" speed="0.4" />
            <!--Turn cw-->
            <rule condition="VK_1" action="camera.rotate(0,0,-1)" speed="0.4" />
            <!--Turn ccw-->
            <rule condition="VK_NUMPAD8" action="camera.rotate(1,0,0)" speed="0.4" modifiers="RotationModifiers" />
            <!--Turn up-->
            <rule condition="VK_NUMPAD2" action="camera.rotate(-1,0,0)" speed="0.4" modifiers="RotationModifiers" />
            <!--Turn down-->
            <rule condition="VK_NUMPAD4" action="camera.rotate(0,0,-1)" speed="0.4" modifiers="RotationModifiers" />
            <!--Turn ccw-->
            <rule condition="VK_NUMPAD6" action="camera.rotate(0,0,1)" speed="0.4" modifiers="RotationModifiers" />
            <!--Turn cw-->
            <rule condition="VK_NUMPAD9" action="camera.rotate(1,0,0)" speed="0.4" />
            <!--Turn up-->
            <rule condition="VK_NUMPAD7" action="camera.rotate(-1,0,0)" speed="0.4" />
            <!--Turn down-->
            <rule condition="VK_NUMPAD3" action="camera.rotate(0,0,1)" speed="0.4" />
            <!--Turn cw-->
            <rule condition="VK_NUMPAD1" action="camera.rotate(0,0,-1)" speed="0.4" />
            <!--Turn ccw-->
            <rule condition="MouseButton_Left MouseOffset_Up" action="camera.rotate(0,0,0)" sensitivity="0.01" modifiers="RotationModifiers" />
            <!--Turn up-->
            <rule condition="MouseButton_Left MouseOffset_Down" action="camera.rotate(0,0,0)" sensitivity="0.01" modifiers="RotationModifiers" />
            <!--Turn down-->
            <rule condition="MouseButton_Left MouseOffset_Left" action="camera.rotate(0,0,0)" speed="0.4" sensitivity="0.01" modifiers="RotationModifiers" />
            <!--Turn ccw-->
            <rule condition="MouseButton_Left MouseOffset_Right" action="camera.rotate(0,0,0)" speed="0.4" sensitivity="0.01" modifiers="RotationModifiers" />
            <!--Turn cw-->
            <rule condition="JoystickDeviation_YMinus" action="camera.rotate(1,0,0)" sensitivity="0.01" modifiers="RotationModifiers" />
            <!--Turn up-->
            <rule condition="JoystickDeviation_YPlus" action="camera.rotate(-1,0,0)" sensitivity="0.01" modifiers="RotationModifiers" />
            <!--Turn down-->
            <rule condition="JoystickDeviation_XMinus" action="camera.rotate(0,0,-1)" speed="0.4" sensitivity="0.01" modifiers="RotationModifiers" />
            <!--Turn ccw-->
            <rule condition="JoystickDeviation_XPlus" action="camera.rotate(0,0,1)" speed="0.4" sensitivity="0.01" modifiers="RotationModifiers" />
            <!--Turn cw-->
          </rules>
        </style>

      <style id="showObj" title="ShowObject" keyCode="VK_Q" class="fly">
        <cursors>
          <cursor condition="Default" src="urn:inet:parallelgraphics.com:stdres/cursors/goto.cur" />
        </cursors>
        <rules>
        </rules>
      </style>
      <style id="infoObj" title="InfoObject" keyCode="VK_I" class="fly">
            <cursors>
                <cursor condition="Default" src="cursors/info.cur" />
            </cursors>
            <rules>
            </rules>
        </style>
      </navigation>
    </navigator>

  <skin script="script.js; position.js"
    splash="urn:inet:parallelgraphics.com:stdres/vrml/splash.wrl">

    <player onSceneLoad="sceneLoaded(event)"/>

    <keys>
      <key keyCode="VK_PAGE_UP" onKeyDown="player.execCommand('previousViewpoint')"/>
      <key keyCode="VK_PAGE_DOWN" onKeyDown="player.execCommand('nextViewpoint')"/>
      <key keyCode="VK_P" onKeyDown="player.execCommand('snapshot')"/>
      <key keyCode="VK_PAUSE" onKeyDown="navigator.sensorsDisabled = !navigator.sensorsDisabled;"/>
      
      <key keyCode="VK_UP" onKeyDown="onKeyboardMove(1, 20)"/>
      <key keyCode="VK_DOWN" onKeyDown="onKeyboardMove(-1, 20)"/>
      <key keyCode="VK_LEFT" onKeyDown="onKeyboardMove(-2, 5)"/>
      <key keyCode="VK_RIGHT" onKeyDown="onKeyboardMove(2, 5)"/>

      <key keyCode="VK_NUMPAD8" onKeyDown="onKeyboardMove(1, 20)"/>
      <key keyCode="VK_NUMPAD2" onKeyDown="onKeyboardMove(-1, 20)"/>
      <key keyCode="VK_NUMPAD4" onKeyDown="onKeyboardMove(-2, 5)"/>
      <key keyCode="VK_NUMPAD6" onKeyDown="onKeyboardMove(2, 5)"/>

      <key keyCode="VK_UP" shift="true" onKeyDown="onKeyboardRotate(2, 0)"/>
      <key keyCode="VK_DOWN" shift="true" onKeyDown="onKeyboardRotate(-2, 0)"/>
      <key keyCode="VK_LEFT" shift="true" onKeyDown="onKeyboardRotate(2, 1)"/>
      <key keyCode="VK_RIGHT" shift="true" onKeyDown="onKeyboardRotate(-2, 1)"/>

      <key keyCode="VK_NUMPAD8" shift="true" onKeyDown="onKeyboardRotate(2, 0)"/>
      <key keyCode="VK_NUMPAD2" shift="true" onKeyDown="onKeyboardRotate(-2, 0)"/>
      <key keyCode="VK_NUMPAD4" shift="true" onKeyDown="onKeyboardRotate(2, 1)"/>
      <key keyCode="VK_NUMPAD6" shift="true" onKeyDown="onKeyboardRotate(-2, 1)"/>
      
      <key keyCode="VK_ADD" onKeyDown="onKeyboardZoom(1, 50)"/>
      <key keyCode="VK_SUBTRACT" onKeyDown="onKeyboardZoom(-1, 50)"/>
      
      <key keyCode="VK_LEFT" alt="true" onKeyDown="onKeyBoardMove()"/>
      <key keyCode="VK_RIGHT" alt="true" onKeyDown="onKeyBoardMove()"/>
      <key keyCode="VK_NUMPAD8" alt="true" onKeyDown="onKeyBoardMove()"/>
      <key keyCode="VK_NUMPAD4" alt="true" onKeyDown="onKeyBoardMove()"/>
      <key keyCode="VK_NUMPAD6" alt="true" onKeyDown="onKeyBoardMove()"/>
    </keys>


    <view id="largeView" backgroundColor="#999999" width="650" height="750"
       minWidth="50" minHeight="650" activationMode="toolbar_on">

      <subview id="info" left="0" top="0" width="48" height="750"
               verticalAlignment="stretch"
               backgroundColor="#ADADAD" visible="true" cursor="cursors/3dwarro.cur">


        <button id="toggleGoto" image="image/large/goto.gif#np" horizontalAlignment="left" sticky="true" transparent="false" down="false"
        onClick="checkBtns('toggleGoto'); navigator.mode.styles.showObj.activate(); onGoto()" upToolTip="Переход к объекту" width="48" height="48" left="0" top="10" cursor="cursors/Link.cur"/>
        <button id="toggleAlignNW" image="image/large/alignNW.gif" horizontalAlignment="left" sticky="true" transparent="false"
        onClick="onAlignNW()" upToolTip="Выравнивание по направлению север-юг" width="48" height="48" left="0" top="60" cursor="cursors/Link.cur"/>
        <button id="toggleAlign" image="image/large/align.gif" horizontalAlignment="left" sticky="true" transparent="false"
        onClick="onAlign()" upToolTip="Выравнивание по горизонту" width="48" height="48" left="0" top="110" cursor="cursors/Link.cur"/>
        <button id="toggleTurn" image="image/large/turn.gif" horizontalAlignment="left" sticky="true" transparent="false"
        onClick="onTurn()" upToolTip="Разворот" width="48" height="48" left="0" top="160" cursor="cursors/Link.cur"/>
        <button id="toggleLayers" image="image/large/layers.gif" horizontalAlignment="left" sticky="true" transparent="false"
        onClick="checkBtns(''); onShowlayers()" upToolTip="Управление слоями..." width="48" height="48" left="0" top="210" cursor="cursors/Link.cur"/>
        <button id="toggleInfo" image="image/large/info.gif#np" horizontalAlignment="left" sticky="true" transparent="false" down="false" 
        onClick="checkBtns('toggleInfo'); navigator.mode.styles.infoObj.activate(); onShowInfo();" upToolTip="Информация об объектах..." width="48" height="48" left="0" top="260" cursor="cursors/Link.cur"/>
        <button id="togglePrint" image="image/large/print.gif" horizontalAlignment="left" sticky="true" transparent="false"
        onClick="onPrint()" upToolTip="Печать..." width="48" height="48" left="0" top="315" cursor="cursors/Link.cur"/>
          <!-- button id="toggleUnderground" image="image/large/underground.gif#np" horizontalAlignment="left" down="true" sticky="true" transparent="false"
          onClick="onUnderground()" upToolTip="Над землей" width="48" height="48" left="0" top="365" cursor="cursors/Link.cur"/ -->

        <button id="slowSpeed" image="image/large/slow.gif#np" horizontalAlignment="left" sticky="true" transparent="false" 
        onClick="onSpeedChange(0)" upToolTip="Наименьшая скорость перемещения" width="48" height="48" left="0" top="500" cursor="cursors/Link.cur"/>
        <button id="mediumSpeed" image="image/large/medium.gif#np" horizontalAlignment="left" sticky="true" transparent="false" down="true" 
        onClick="onSpeedChange(2)" upToolTip="Средняя скорость перемещения" width="48" height="48" left="0" top="550" cursor="cursors/Link.cur"/>
        <button id="fastSpeed" image="image/large/fast.gif#np" horizontalAlignment="left" sticky="true" transparent="false"
        onClick="onSpeedChange(4)" upToolTip="Наибольшая скорость перемещения" width="48" height="48" left="0" top="600" cursor="cursors/Link.cur"/>


      </subview>

      <scene id="view3d" left="48" top="0"  width="602" height="750" horizontalAlignment="stretch" verticalAlignment="stretch"
             onMouseDown="onSceneMouseDown(event)" onMouseMove="onSceneMouseMove(event)" onMouseUp="onSceneMouseUp(event)" onMouseWheel="onSceneMouseWheel(event)"/>

    </view>
    <view id="viewWithoutToolbar" backgroundColor="#999999" width="600" height="750"
       minWidth="10" minHeight="10" activationMode="toolbar_off">

      <scene id="view3d" left="0" top="0"  width="600" height="750" horizontalAlignment="stretch" verticalAlignment="stretch"
             onMouseDown="onSceneMouseDown(event)" onMouseMove="onSceneMouseMove(event)" onMouseUp="onSceneMouseUp(event)" onMouseWheel="onSceneMouseWheel(event)"/>

    </view>
    <!-- small view -->
    <view id="smallView" backgroundColor="#999999" width="600" height="700"
       minWidth="10" minHeight="100" activationMode="toolbar_on">

      <subview id="info" left="0" top="0" width="24" height="700"
               verticalAlignment="stretch"
               backgroundColor="#ADADAD" visible="true" cursor="cursors/3dwarro.cur">


        <button id="toggleGoto" image="image/small/goto.gif#np" horizontalAlignment="left" sticky="true" transparent="false" down="false" 
        onClick="checkBtns('toggleGoto'); navigator.mode.styles.showObj.activate(); onGoto()" upToolTip="Переход к объекту" width="24" height="24" left="0" top="10" cursor="cursors/Link.cur"/>
        <button id="toggleAlignNW" image="image/small/alignNW.gif" horizontalAlignment="left" sticky="true" transparent="false"
        onClick="onAlignNW()" upToolTip="Выравнивание по направлению север-юг" width="24" height="24" left="0" top="45" cursor="cursors/Link.cur"/>
        <button id="toggleAlign" image="image/small/align.gif" horizontalAlignment="left" sticky="true" transparent="false"
        onClick="onAlign()" upToolTip="Выравнивание по горизонту" width="24" height="24" left="0" top="70" cursor="cursors/Link.cur"/>
        <button id="toggleTurn" image="image/small/turn.gif" horizontalAlignment="left" sticky="true" transparent="false"
        onClick="onTurn()" upToolTip="Разворот" width="24" height="24" left="0" top="110" cursor="cursors/Link.cur"/>
        <button id="toggleLayers" image="image/small/layers.gif" horizontalAlignment="left" sticky="true" transparent="false"
        onClick="checkBtns(''); onShowlayers()" upToolTip="Управление слоями..." width="24" height="24" left="0" top="150" cursor="cursors/Link.cur"/>
        <button id="toggleInfo" image="image/small/info.gif#np" horizontalAlignment="left" sticky="true" transparent="false" down="false" 
        onClick="checkBtns('toggleInfo'); navigator.mode.styles.infoObj.activate(); onShowInfo();" upToolTip="Информация об объектах..." width="24" height="24" left="0" top="175" cursor="cursors/Link.cur"/>
        <button id="togglePrint" image="image/small/print.gif" horizontalAlignment="left" sticky="true" transparent="false"
        onClick="onPrint()" upToolTip="Печать..." width="24" height="24" left="0" top="215" cursor="cursors/Link.cur"/>
          <!-- button id="toggleUnderground" image="image/small/underground.gif#np" horizontalAlignment="left" down="true"  sticky="true" transparent="false"
          onClick="onUnderground()" upToolTip="Над землей" width="24" height="24" left="0" top="240" cursor="cursors/Link.cur"/ -->

        <button id="slowSpeed" image="image/small/slow.gif#np" horizontalAlignment="left" sticky="true" transparent="false" 
        onClick="onSpeedChange(0)" upToolTip="Наименьшая скорость перемещения" width="24" height="24" left="0" top="300" cursor="cursors/Link.cur"/>
        <button id="mediumSpeed" image="image/small/medium.gif#np" horizontalAlignment="left" sticky="true" transparent="false" down="true" 
        onClick="onSpeedChange(2)" upToolTip="Средняя скорость перемещения" width="24" height="24" left="0" top="325" cursor="cursors/Link.cur"/>
        <button id="fastSpeed" image="image/small/fast.gif#np" horizontalAlignment="left" sticky="true" transparent="false"
        onClick="onSpeedChange(4)" upToolTip="Наибольшая скорость перемещения" width="24" height="24" left="0" top="350" cursor="cursors/Link.cur"/>


      </subview>

      <scene id="view3d" left="25" top="0" width="575" height="700" horizontalAlignment="stretch" verticalAlignment="stretch"
             onMouseDown="onSceneMouseDown(event)" onMouseMove="onSceneMouseMove(event)" onMouseUp="onSceneMouseUp(event)" onMouseWheel="onSceneMouseWheel(event)" />

    </view>
  </skin>
</theme>

